emoji,name,coming_soon
🎷,Afrika Shrine,False
⚽,Viewing Centre,False
🍲,Amala Shitta,False
💡,CcHub,False
🧺,Market,False
🎭,Freedom Park,False
🏋️,i-Fitness,False
🏢,Office,False
🪩,Quilox,False
🌉,Canopy Walk,False
🛍️,The Palms,False
📚,The Library,False
🏖️,Beach,False
🏥,General Hospital,False
🕯️,Ivory Rooftop,False
🚓,Police Station,False
⛪,Church,False
🕌,Mosque,False
📻,Naija Radio,False
🗳️,Polling Unit,False
🏨,Eko Hotels,False
🚘,Polanco Motors,False
⛵,Boat Cruise,False
⛳,Ikoyi Golf Club,False
⚖️,High Court,False
🎓,UNILAG,False
🎰,Eko Casino,False
🫶🏾,MindSpace,False
🏟️,Stadium,False
🚧,✈️ Airport,True
🚧,🛢️ Refinery,True
